,N,Avg true value,Avg biased estimate,Naive estimator error,baseline,targeted_regularization,Other params,Naive est error CIs,baseline est error CIs,targeted_regularization est error CIs
0,1,[ 1.36651851 -9.48046187],[18.2066353  -3.76626294],22.554315719902057,"{'Avg hydranet est.': array([ 0.10089411, -0.12674457], dtype=float32), 'Hydranet error': 10.895908447628456}","{'Avg hydranet est.': array([-0.10485125, -0.1201534 ], dtype=float32), 'Hydranet error': 10.976391500571644}",[],"(21.908559495016412, 23.288994915200647)","(10.405904939961667, 11.316591686870524)","(10.541630867505372, 11.371061187622557)"
